Project,Category,ชั้น,ห้อง,Code note
Escent Nakhon Si,รายการตรวจสอบผนัง Precast Wall Works,ชั้น 4,ห้อง 1,ECN-A1-071
Escent Nakhon Si,รายการตรวจสอบผนัง Precast Wall Works,ชั้น 4,ห้อง 1,ECN-A1-001
Escent Nakhon Si,รายการตรวจสอบผนัง Precast Wall Works,ชั้น 4,ห้อง 1,ECN-W1-002
Escent Nakhon Si,รายการตรวจสอบผนัง Precast Wall Works,ชั้น 4,ห้อง 1,ECN-B1-003
Escent Nakhon Si,รายการตรวจสอบผนัง Precast Wall Works,ชั้น 4,ห้อง 2,ECN-A1-004
Escent Nakhon Si,รายการตรวจสอบผนัง Precast Wall Works,ชั้น 4,ห้อง 2,ECN-B1-005
Escent Nakhon Si,รายการตรวจสอบผนัง Precast Wall Works,ชั้น 4,ห้อง 2,ECN-W1-006
Escent Nakhon Si,รายการตรวจสอบผนัง Precast Wall Works,ชั้น 4,ห้อง 3,ECN-W1-007
Escent Nakhon Si,รายการตรวจสอบผนัง Precast Wall Works,ชั้น 4,ห้อง 3,ECN-B1-008
Escent Nakhon Si,รายการตรวจสอบผนัง Precast Wall Works,ชั้น 4,ห้อง 3,ECN-A1-009
Escent Nakhon Si,รายการตรวจสอบผนัง Precast Wall Works,ชั้น 4,ห้อง 4,ECN-B1-010
Escent Nakhon Si,รายการตรวจสอบผนัง Precast Wall Works,ชั้น 4,ห้อง 4,ECN-W1-011
Escent Nakhon Si,รายการตรวจสอบผนัง Precast Wall Works,ชั้น 4,ห้อง 5,ECN-W1-012
Escent Nakhon Si,รายการตรวจสอบผนัง Precast Wall Works,ชั้น 4,ห้อง 5,ECN-B1-013
Escent Nakhon Si,รายการตรวจสอบผนัง Precast Wall Works,ชั้น 4,ห้อง 5,ECN-W1-014
Escent Nakhon Si,รายการตรวจสอบผนัง Precast Wall Works,ชั้น 4,ห้อง 6,ECN-W1-015
Escent Nakhon Si,รายการตรวจสอบผนัง Precast Wall Works,ชั้น 4,ห้อง 6,ECN-B1-016
Escent Nakhon Si,รายการตรวจสอบผนัง Precast Wall Works,ชั้น 4,ห้อง 6,ECN-W1-017
Escent Nakhon Si,รายการตรวจสอบผนัง Precast Wall Works,ชั้น 4,ห้อง 6,ECN-A1-018
Escent Nakhon Si,รายการตรวจสอบผนัง Precast Wall Works,ชั้น 4,ห้อง 6,ECN-A1-019
Escent Nakhon Si,รายการตรวจสอบผนัง Precast Wall Works,ชั้น 4,ห้อง 6,ECN-A1-020
Escent Nakhon Si,รายการตรวจสอบผนัง Precast Wall Works,ชั้น 4,ห้อง 7,ECN-A1-022
Escent Nakhon Si,รายการตรวจสอบผนัง Precast Wall Works,ชั้น 4,ห้อง 7,ECN-A1-023
Escent Nakhon Si,รายการตรวจสอบผนัง Precast Wall Works,ชั้น 4,ห้อง 7,ECN-W1-024
Escent Nakhon Si,รายการตรวจสอบผนัง Precast Wall Works,ชั้น 4,ห้อง 7,ECN-A1-025
Escent Nakhon Si,รายการตรวจสอบผนัง Precast Wall Works,ชั้น 4,ห้อง 7,ECN-B1-026
Escent Nakhon Si,รายการตรวจสอบผนัง Precast Wall Works,ชั้น 4,ห้อง 7,ECN-W1-027
Escent Nakhon Si,รายการตรวจสอบผนัง Precast Wall Works,ชั้น 4,ห้อง 7,ECN-A1-028
Escent Nakhon Si,รายการตรวจสอบผนัง Precast Wall Works,ชั้น 4,ห้อง 8,ECN-W1-031
Escent Nakhon Si,รายการตรวจสอบผนัง Precast Wall Works,ชั้น 4,ห้อง 8,ECN-B1-032
Escent Nakhon Si,รายการตรวจสอบผนัง Precast Wall Works,ชั้น 4,ห้อง 8,ECN-A1-033
Escent Nakhon Si,รายการตรวจสอบผนัง Precast Wall Works,ชั้น 4,ห้อง 9,ECN-B1-034
Escent Nakhon Si,รายการตรวจสอบผนัง Precast Wall Works,ชั้น 4,ห้อง 9,ECN-W1-035
Escent Nakhon Si,รายการตรวจสอบผนัง Precast Wall Works,ชั้น 4,ห้อง 10,ECN-W1-036
Escent Nakhon Si,รายการตรวจสอบผนัง Precast Wall Works,ชั้น 4,ห้อง 10,ECN-B1-037
Escent Nakhon Si,รายการตรวจสอบผนัง Precast Wall Works,ชั้น 4,ห้อง 10,ECN-A1-038
Escent Nakhon Si,รายการตรวจสอบผนัง Precast Wall Works,ชั้น 4,ห้อง 11,ECN-B1-039
Escent Nakhon Si,รายการตรวจสอบผนัง Precast Wall Works,ชั้น 4,ห้อง 11,ECN-W1-040
Escent Nakhon Si,รายการตรวจสอบผนัง Precast Wall Works,ชั้น 4,ห้อง 12,ECN-A1-041
Escent Nakhon Si,รายการตรวจสอบผนัง Precast Wall Works,ชั้น 4,ห้อง 12,ECN-B1-042
Escent Nakhon Si,รายการตรวจสอบผนัง Precast Wall Works,ชั้น 4,ห้อง 12,ECN-W2-043
Escent Nakhon Si,รายการตรวจสอบผนัง Precast Wall Works,ชั้น 4,ห้อง 13,ECN-W2-044
Escent Nakhon Si,รายการตรวจสอบผนัง Precast Wall Works,ชั้น 4,ห้อง 13,ECN-B1-045
Escent Nakhon Si,รายการตรวจสอบผนัง Precast Wall Works,ชั้น 4,ห้อง 13,ECN-A2-046
Escent Nakhon Si,รายการตรวจสอบผนัง Precast Wall Works,ชั้น 4,ห้อง 14,ECN-A1-048
Escent Nakhon Si,รายการตรวจสอบผนัง Precast Wall Works,ชั้น 4,ห้อง 14,ECN-W1-049
Escent Nakhon Si,รายการตรวจสอบผนัง Precast Wall Works,ชั้น 4,ห้อง 14,ECN-B1-050
Escent Nakhon Si,รายการตรวจสอบผนัง Precast Wall Works,ชั้น 4,ห้อง 15,ECN-A1-051
Escent Nakhon Si,รายการตรวจสอบผนัง Precast Wall Works,ชั้น 4,ห้อง 15,ECN-W1-052
Escent Nakhon Si,รายการตรวจสอบผนัง Precast Wall Works,ชั้น 4,ห้อง 15,ECN-A2-053
Escent Nakhon Si,รายการตรวจสอบผนัง Precast Wall Works,ชั้น 4,ห้อง 15,ECN-T1-054
Escent Nakhon Si,รายการตรวจสอบผนัง Precast Wall Works,ชั้น 4,ห้อง 15,ECN-A2-055
Escent Nakhon Si,รายการตรวจสอบผนัง Precast Wall Works,ชั้น 4,ห้อง 16,ECN-A2-057
Escent Nakhon Si,รายการตรวจสอบผนัง Precast Wall Works,ชั้น 4,ห้อง 16,ECN-T1-058
Escent Nakhon Si,รายการตรวจสอบผนัง Precast Wall Works,ชั้น 4,ห้อง 16,ECN-A2-059
Escent Nakhon Si,รายการตรวจสอบผนัง Precast Wall Works,ชั้น 4,ห้อง 16,ECN-W2-060
Escent Nakhon Si,รายการตรวจสอบผนัง Precast Wall Works,ชั้น 4,ห้อง 16,ECN-A1-061
Escent Nakhon Si,รายการตรวจสอบผนัง Precast Wall Works,ชั้น 4,ห้อง 17,ECN-B1-062
Escent Nakhon Si,รายการตรวจสอบผนัง Precast Wall Works,ชั้น 4,ห้อง 17,ECN-W1-063
Escent Nakhon Si,รายการตรวจสอบผนัง Precast Wall Works,ชั้น 4,ห้อง 17,ECN-A1-064
Escent Nakhon Si,รายการตรวจสอบผนัง Precast Wall Works,ชั้น 5,ห้อง 1,ECN-A1-071
Escent Nakhon Si,รายการตรวจสอบผนัง Precast Wall Works,ชั้น 5,ห้อง 1,ECN-A1-001
Escent Nakhon Si,รายการตรวจสอบผนัง Precast Wall Works,ชั้น 5,ห้อง 1,ECN-W1-002
Escent Nakhon Si,รายการตรวจสอบผนัง Precast Wall Works,ชั้น 5,ห้อง 1,ECN-B1-003
Escent Nakhon Si,รายการตรวจสอบผนัง Precast Wall Works,ชั้น 5,ห้อง 2,ECN-A1-004
Escent Nakhon Si,รายการตรวจสอบผนัง Precast Wall Works,ชั้น 5,ห้อง 2,ECN-B1-005
Escent Nakhon Si,รายการตรวจสอบผนัง Precast Wall Works,ชั้น 5,ห้อง 2,ECN-W1-006
Escent Nakhon Si,รายการตรวจสอบผนัง Precast Wall Works,ชั้น 5,ห้อง 3,ECN-W1-007
Escent Nakhon Si,รายการตรวจสอบผนัง Precast Wall Works,ชั้น 5,ห้อง 3,ECN-B1-008
Escent Nakhon Si,รายการตรวจสอบผนัง Precast Wall Works,ชั้น 5,ห้อง 3,ECN-A1-009
Escent Nakhon Si,รายการตรวจสอบผนัง Precast Wall Works,ชั้น 5,ห้อง 4,ECN-B1-010
Escent Nakhon Si,รายการตรวจสอบผนัง Precast Wall Works,ชั้น 5,ห้อง 4,ECN-W1-011
Escent Nakhon Si,รายการตรวจสอบผนัง Precast Wall Works,ชั้น 5,ห้อง 5,ECN-W1-012
Escent Nakhon Si,รายการตรวจสอบผนัง Precast Wall Works,ชั้น 5,ห้อง 5,ECN-B1-013
Escent Nakhon Si,รายการตรวจสอบผนัง Precast Wall Works,ชั้น 5,ห้อง 5,ECN-W1-014
Escent Nakhon Si,รายการตรวจสอบผนัง Precast Wall Works,ชั้น 5,ห้อง 6,ECN-W1-015
Escent Nakhon Si,รายการตรวจสอบผนัง Precast Wall Works,ชั้น 5,ห้อง 6,ECN-B1-016
Escent Nakhon Si,รายการตรวจสอบผนัง Precast Wall Works,ชั้น 5,ห้อง 6,ECN-W1-017
Escent Nakhon Si,รายการตรวจสอบผนัง Precast Wall Works,ชั้น 5,ห้อง 6,ECN-A1-018
Escent Nakhon Si,รายการตรวจสอบผนัง Precast Wall Works,ชั้น 5,ห้อง 6,ECN-A1-019
Escent Nakhon Si,รายการตรวจสอบผนัง Precast Wall Works,ชั้น 5,ห้อง 6,ECN-A1-020
Escent Nakhon Si,รายการตรวจสอบผนัง Precast Wall Works,ชั้น 5,ห้อง 7,ECN-A1-022
Escent Nakhon Si,รายการตรวจสอบผนัง Precast Wall Works,ชั้น 5,ห้อง 7,ECN-A1-023
Escent Nakhon Si,รายการตรวจสอบผนัง Precast Wall Works,ชั้น 5,ห้อง 7,ECN-W1-024
Escent Nakhon Si,รายการตรวจสอบผนัง Precast Wall Works,ชั้น 5,ห้อง 7,ECN-A1-025
Escent Nakhon Si,รายการตรวจสอบผนัง Precast Wall Works,ชั้น 5,ห้อง 7,ECN-B1-026
Escent Nakhon Si,รายการตรวจสอบผนัง Precast Wall Works,ชั้น 5,ห้อง 7,ECN-W1-027
Escent Nakhon Si,รายการตรวจสอบผนัง Precast Wall Works,ชั้น 5,ห้อง 7,ECN-A1-028
Escent Nakhon Si,รายการตรวจสอบผนัง Precast Wall Works,ชั้น 5,ห้อง 8,ECN-W1-031
Escent Nakhon Si,รายการตรวจสอบผนัง Precast Wall Works,ชั้น 5,ห้อง 8,ECN-B1-032
Escent Nakhon Si,รายการตรวจสอบผนัง Precast Wall Works,ชั้น 5,ห้อง 8,ECN-A1-033
Escent Nakhon Si,รายการตรวจสอบผนัง Precast Wall Works,ชั้น 5,ห้อง 9,ECN-B1-034
Escent Nakhon Si,รายการตรวจสอบผนัง Precast Wall Works,ชั้น 5,ห้อง 9,ECN-W1-035
Escent Nakhon Si,รายการตรวจสอบผนัง Precast Wall Works,ชั้น 5,ห้อง 10,ECN-W1-036
Escent Nakhon Si,รายการตรวจสอบผนัง Precast Wall Works,ชั้น 5,ห้อง 10,ECN-B1-037
Escent Nakhon Si,รายการตรวจสอบผนัง Precast Wall Works,ชั้น 5,ห้อง 10,ECN-A1-038
Escent Nakhon Si,รายการตรวจสอบผนัง Precast Wall Works,ชั้น 5,ห้อง 11,ECN-B1-039
Escent Nakhon Si,รายการตรวจสอบผนัง Precast Wall Works,ชั้น 5,ห้อง 11,ECN-W1-040
Escent Nakhon Si,รายการตรวจสอบผนัง Precast Wall Works,ชั้น 5,ห้อง 12,ECN-A1-041
Escent Nakhon Si,รายการตรวจสอบผนัง Precast Wall Works,ชั้น 5,ห้อง 12,ECN-B1-042
Escent Nakhon Si,รายการตรวจสอบผนัง Precast Wall Works,ชั้น 5,ห้อง 12,ECN-W2-043
Escent Nakhon Si,รายการตรวจสอบผนัง Precast Wall Works,ชั้น 5,ห้อง 13,ECN-W2-044
Escent Nakhon Si,รายการตรวจสอบผนัง Precast Wall Works,ชั้น 5,ห้อง 13,ECN-B1-045
Escent Nakhon Si,รายการตรวจสอบผนัง Precast Wall Works,ชั้น 5,ห้อง 13,ECN-A2-046
Escent Nakhon Si,รายการตรวจสอบผนัง Precast Wall Works,ชั้น 5,ห้อง 14,ECN-A1-048
Escent Nakhon Si,รายการตรวจสอบผนัง Precast Wall Works,ชั้น 5,ห้อง 14,ECN-W1-049
Escent Nakhon Si,รายการตรวจสอบผนัง Precast Wall Works,ชั้น 5,ห้อง 14,ECN-B1-050
Escent Nakhon Si,รายการตรวจสอบผนัง Precast Wall Works,ชั้น 5,ห้อง 15,ECN-A1-051
Escent Nakhon Si,รายการตรวจสอบผนัง Precast Wall Works,ชั้น 5,ห้อง 15,ECN-W1-052
Escent Nakhon Si,รายการตรวจสอบผนัง Precast Wall Works,ชั้น 5,ห้อง 15,ECN-A2-053
Escent Nakhon Si,รายการตรวจสอบผนัง Precast Wall Works,ชั้น 5,ห้อง 15,ECN-T1-054
Escent Nakhon Si,รายการตรวจสอบผนัง Precast Wall Works,ชั้น 5,ห้อง 15,ECN-A2-055
Escent Nakhon Si,รายการตรวจสอบผนัง Precast Wall Works,ชั้น 5,ห้อง 16,ECN-A2-057
Escent Nakhon Si,รายการตรวจสอบผนัง Precast Wall Works,ชั้น 5,ห้อง 16,ECN-T1-058
Escent Nakhon Si,รายการตรวจสอบผนัง Precast Wall Works,ชั้น 5,ห้อง 16,ECN-A2-059
Escent Nakhon Si,รายการตรวจสอบผนัง Precast Wall Works,ชั้น 5,ห้อง 16,ECN-W2-060
Escent Nakhon Si,รายการตรวจสอบผนัง Precast Wall Works,ชั้น 5,ห้อง 16,ECN-A1-061
Escent Nakhon Si,รายการตรวจสอบผนัง Precast Wall Works,ชั้น 5,ห้อง 17,ECN-B1-062
Escent Nakhon Si,รายการตรวจสอบผนัง Precast Wall Works,ชั้น 5,ห้อง 17,ECN-W1-063
Escent Nakhon Si,รายการตรวจสอบผนัง Precast Wall Works,ชั้น 5,ห้อง 17,ECN-A1-064
Escent Nakhon Si,รายการตรวจสอบผนัง Precast Wall Works,ชั้น 6,ห้อง 1,ECN-A1-071
Escent Nakhon Si,รายการตรวจสอบผนัง Precast Wall Works,ชั้น 6,ห้อง 1,ECN-A1-001
Escent Nakhon Si,รายการตรวจสอบผนัง Precast Wall Works,ชั้น 6,ห้อง 1,ECN-W1-002
Escent Nakhon Si,รายการตรวจสอบผนัง Precast Wall Works,ชั้น 6,ห้อง 1,ECN-B1-003
Escent Nakhon Si,รายการตรวจสอบผนัง Precast Wall Works,ชั้น 6,ห้อง 2,ECN-A1-004
Escent Nakhon Si,รายการตรวจสอบผนัง Precast Wall Works,ชั้น 6,ห้อง 2,ECN-B1-005
Escent Nakhon Si,รายการตรวจสอบผนัง Precast Wall Works,ชั้น 6,ห้อง 2,ECN-W1-006
Escent Nakhon Si,รายการตรวจสอบผนัง Precast Wall Works,ชั้น 6,ห้อง 3,ECN-W1-007
Escent Nakhon Si,รายการตรวจสอบผนัง Precast Wall Works,ชั้น 6,ห้อง 3,ECN-B1-008
Escent Nakhon Si,รายการตรวจสอบผนัง Precast Wall Works,ชั้น 6,ห้อง 3,ECN-A1-009
Escent Nakhon Si,รายการตรวจสอบผนัง Precast Wall Works,ชั้น 6,ห้อง 4,ECN-B1-010
Escent Nakhon Si,รายการตรวจสอบผนัง Precast Wall Works,ชั้น 6,ห้อง 4,ECN-W1-011
Escent Nakhon Si,รายการตรวจสอบผนัง Precast Wall Works,ชั้น 6,ห้อง 5,ECN-W1-012
Escent Nakhon Si,รายการตรวจสอบผนัง Precast Wall Works,ชั้น 6,ห้อง 5,ECN-B1-013
Escent Nakhon Si,รายการตรวจสอบผนัง Precast Wall Works,ชั้น 6,ห้อง 5,ECN-W1-014
Escent Nakhon Si,รายการตรวจสอบผนัง Precast Wall Works,ชั้น 6,ห้อง 6,ECN-W1-015
Escent Nakhon Si,รายการตรวจสอบผนัง Precast Wall Works,ชั้น 6,ห้อง 6,ECN-B1-016
Escent Nakhon Si,รายการตรวจสอบผนัง Precast Wall Works,ชั้น 6,ห้อง 6,ECN-W1-017
Escent Nakhon Si,รายการตรวจสอบผนัง Precast Wall Works,ชั้น 6,ห้อง 6,ECN-A1-018
Escent Nakhon Si,รายการตรวจสอบผนัง Precast Wall Works,ชั้น 6,ห้อง 6,ECN-A1-019
Escent Nakhon Si,รายการตรวจสอบผนัง Precast Wall Works,ชั้น 6,ห้อง 6,ECN-A1-020
Escent Nakhon Si,รายการตรวจสอบผนัง Precast Wall Works,ชั้น 6,ห้อง 7,ECN-A1-022
Escent Nakhon Si,รายการตรวจสอบผนัง Precast Wall Works,ชั้น 6,ห้อง 7,ECN-A1-023
Escent Nakhon Si,รายการตรวจสอบผนัง Precast Wall Works,ชั้น 6,ห้อง 7,ECN-W1-024
Escent Nakhon Si,รายการตรวจสอบผนัง Precast Wall Works,ชั้น 6,ห้อง 7,ECN-A1-025
Escent Nakhon Si,รายการตรวจสอบผนัง Precast Wall Works,ชั้น 6,ห้อง 7,ECN-B1-026
Escent Nakhon Si,รายการตรวจสอบผนัง Precast Wall Works,ชั้น 6,ห้อง 7,ECN-W1-027
Escent Nakhon Si,รายการตรวจสอบผนัง Precast Wall Works,ชั้น 6,ห้อง 7,ECN-A1-028
Escent Nakhon Si,รายการตรวจสอบผนัง Precast Wall Works,ชั้น 6,ห้อง 8,ECN-W1-031
Escent Nakhon Si,รายการตรวจสอบผนัง Precast Wall Works,ชั้น 6,ห้อง 8,ECN-B1-032
Escent Nakhon Si,รายการตรวจสอบผนัง Precast Wall Works,ชั้น 6,ห้อง 8,ECN-A1-033
Escent Nakhon Si,รายการตรวจสอบผนัง Precast Wall Works,ชั้น 6,ห้อง 9,ECN-B1-034
Escent Nakhon Si,รายการตรวจสอบผนัง Precast Wall Works,ชั้น 6,ห้อง 9,ECN-W1-035
Escent Nakhon Si,รายการตรวจสอบผนัง Precast Wall Works,ชั้น 6,ห้อง 10,ECN-W1-036
Escent Nakhon Si,รายการตรวจสอบผนัง Precast Wall Works,ชั้น 6,ห้อง 10,ECN-B1-037
Escent Nakhon Si,รายการตรวจสอบผนัง Precast Wall Works,ชั้น 6,ห้อง 10,ECN-A1-038
Escent Nakhon Si,รายการตรวจสอบผนัง Precast Wall Works,ชั้น 6,ห้อง 11,ECN-B1-039
Escent Nakhon Si,รายการตรวจสอบผนัง Precast Wall Works,ชั้น 6,ห้อง 11,ECN-W1-040
Escent Nakhon Si,รายการตรวจสอบผนัง Precast Wall Works,ชั้น 6,ห้อง 12,ECN-A1-041
Escent Nakhon Si,รายการตรวจสอบผนัง Precast Wall Works,ชั้น 6,ห้อง 12,ECN-B1-042
Escent Nakhon Si,รายการตรวจสอบผนัง Precast Wall Works,ชั้น 6,ห้อง 12,ECN-W2-043
Escent Nakhon Si,รายการตรวจสอบผนัง Precast Wall Works,ชั้น 6,ห้อง 13,ECN-W2-044
Escent Nakhon Si,รายการตรวจสอบผนัง Precast Wall Works,ชั้น 6,ห้อง 13,ECN-B1-045
Escent Nakhon Si,รายการตรวจสอบผนัง Precast Wall Works,ชั้น 6,ห้อง 13,ECN-A2-046
Escent Nakhon Si,รายการตรวจสอบผนัง Precast Wall Works,ชั้น 6,ห้อง 14,ECN-A1-048
Escent Nakhon Si,รายการตรวจสอบผนัง Precast Wall Works,ชั้น 6,ห้อง 14,ECN-W1-049
Escent Nakhon Si,รายการตรวจสอบผนัง Precast Wall Works,ชั้น 6,ห้อง 14,ECN-B1-050
Escent Nakhon Si,รายการตรวจสอบผนัง Precast Wall Works,ชั้น 6,ห้อง 15,ECN-A1-051
Escent Nakhon Si,รายการตรวจสอบผนัง Precast Wall Works,ชั้น 6,ห้อง 15,ECN-W1-052
Escent Nakhon Si,รายการตรวจสอบผนัง Precast Wall Works,ชั้น 6,ห้อง 15,ECN-A2-053
Escent Nakhon Si,รายการตรวจสอบผนัง Precast Wall Works,ชั้น 6,ห้อง 15,ECN-T1-054
Escent Nakhon Si,รายการตรวจสอบผนัง Precast Wall Works,ชั้น 6,ห้อง 15,ECN-A2-055
Escent Nakhon Si,รายการตรวจสอบผนัง Precast Wall Works,ชั้น 6,ห้อง 16,ECN-A2-057
Escent Nakhon Si,รายการตรวจสอบผนัง Precast Wall Works,ชั้น 6,ห้อง 16,ECN-T1-058
Escent Nakhon Si,รายการตรวจสอบผนัง Precast Wall Works,ชั้น 6,ห้อง 16,ECN-A2-059
Escent Nakhon Si,รายการตรวจสอบผนัง Precast Wall Works,ชั้น 6,ห้อง 16,ECN-W2-060
Escent Nakhon Si,รายการตรวจสอบผนัง Precast Wall Works,ชั้น 6,ห้อง 16,ECN-A1-061
Escent Nakhon Si,รายการตรวจสอบผนัง Precast Wall Works,ชั้น 6,ห้อง 17,ECN-B1-062
Escent Nakhon Si,รายการตรวจสอบผนัง Precast Wall Works,ชั้น 6,ห้อง 17,ECN-W1-063
Escent Nakhon Si,รายการตรวจสอบผนัง Precast Wall Works,ชั้น 6,ห้อง 17,ECN-A1-064
Escent Nakhon Si,รายการตรวจสอบผนัง Precast Wall Works,ชั้น 7,ห้อง 1,ECN-A1-071
Escent Nakhon Si,รายการตรวจสอบผนัง Precast Wall Works,ชั้น 7,ห้อง 1,ECN-A1-001
Escent Nakhon Si,รายการตรวจสอบผนัง Precast Wall Works,ชั้น 7,ห้อง 1,ECN-W1-002
Escent Nakhon Si,รายการตรวจสอบผนัง Precast Wall Works,ชั้น 7,ห้อง 1,ECN-B1-003
Escent Nakhon Si,รายการตรวจสอบผนัง Precast Wall Works,ชั้น 7,ห้อง 2,ECN-A1-004
Escent Nakhon Si,รายการตรวจสอบผนัง Precast Wall Works,ชั้น 7,ห้อง 2,ECN-B1-005
Escent Nakhon Si,รายการตรวจสอบผนัง Precast Wall Works,ชั้น 7,ห้อง 2,ECN-W1-006
Escent Nakhon Si,รายการตรวจสอบผนัง Precast Wall Works,ชั้น 7,ห้อง 3,ECN-W1-007
Escent Nakhon Si,รายการตรวจสอบผนัง Precast Wall Works,ชั้น 7,ห้อง 3,ECN-B1-008
Escent Nakhon Si,รายการตรวจสอบผนัง Precast Wall Works,ชั้น 7,ห้อง 3,ECN-A1-009
Escent Nakhon Si,รายการตรวจสอบผนัง Precast Wall Works,ชั้น 7,ห้อง 4,ECN-B1-010
Escent Nakhon Si,รายการตรวจสอบผนัง Precast Wall Works,ชั้น 7,ห้อง 4,ECN-W1-011
Escent Nakhon Si,รายการตรวจสอบผนัง Precast Wall Works,ชั้น 7,ห้อง 5,ECN-W1-012
Escent Nakhon Si,รายการตรวจสอบผนัง Precast Wall Works,ชั้น 7,ห้อง 5,ECN-B1-013
Escent Nakhon Si,รายการตรวจสอบผนัง Precast Wall Works,ชั้น 7,ห้อง 5,ECN-W1-014
Escent Nakhon Si,รายการตรวจสอบผนัง Precast Wall Works,ชั้น 7,ห้อง 6,ECN-W1-015
Escent Nakhon Si,รายการตรวจสอบผนัง Precast Wall Works,ชั้น 7,ห้อง 6,ECN-B1-016
Escent Nakhon Si,รายการตรวจสอบผนัง Precast Wall Works,ชั้น 7,ห้อง 6,ECN-W1-017
Escent Nakhon Si,รายการตรวจสอบผนัง Precast Wall Works,ชั้น 7,ห้อง 6,ECN-A1-018
Escent Nakhon Si,รายการตรวจสอบผนัง Precast Wall Works,ชั้น 7,ห้อง 6,ECN-A1-019
Escent Nakhon Si,รายการตรวจสอบผนัง Precast Wall Works,ชั้น 7,ห้อง 6,ECN-A1-020
Escent Nakhon Si,รายการตรวจสอบผนัง Precast Wall Works,ชั้น 7,ห้อง 7,ECN-A1-022
Escent Nakhon Si,รายการตรวจสอบผนัง Precast Wall Works,ชั้น 7,ห้อง 7,ECN-A1-023
Escent Nakhon Si,รายการตรวจสอบผนัง Precast Wall Works,ชั้น 7,ห้อง 7,ECN-W1-024
Escent Nakhon Si,รายการตรวจสอบผนัง Precast Wall Works,ชั้น 7,ห้อง 7,ECN-A1-025
Escent Nakhon Si,รายการตรวจสอบผนัง Precast Wall Works,ชั้น 7,ห้อง 7,ECN-B1-026
Escent Nakhon Si,รายการตรวจสอบผนัง Precast Wall Works,ชั้น 7,ห้อง 7,ECN-W1-027
Escent Nakhon Si,รายการตรวจสอบผนัง Precast Wall Works,ชั้น 7,ห้อง 7,ECN-A1-028
Escent Nakhon Si,รายการตรวจสอบผนัง Precast Wall Works,ชั้น 7,ห้อง 8,ECN-W1-031
Escent Nakhon Si,รายการตรวจสอบผนัง Precast Wall Works,ชั้น 7,ห้อง 8,ECN-B1-032
Escent Nakhon Si,รายการตรวจสอบผนัง Precast Wall Works,ชั้น 7,ห้อง 8,ECN-A1-033
Escent Nakhon Si,รายการตรวจสอบผนัง Precast Wall Works,ชั้น 7,ห้อง 9,ECN-B1-034
Escent Nakhon Si,รายการตรวจสอบผนัง Precast Wall Works,ชั้น 7,ห้อง 9,ECN-W1-035
Escent Nakhon Si,รายการตรวจสอบผนัง Precast Wall Works,ชั้น 7,ห้อง 10,ECN-W1-036
Escent Nakhon Si,รายการตรวจสอบผนัง Precast Wall Works,ชั้น 7,ห้อง 10,ECN-B1-037
Escent Nakhon Si,รายการตรวจสอบผนัง Precast Wall Works,ชั้น 7,ห้อง 10,ECN-A1-038
Escent Nakhon Si,รายการตรวจสอบผนัง Precast Wall Works,ชั้น 7,ห้อง 11,ECN-B1-039
Escent Nakhon Si,รายการตรวจสอบผนัง Precast Wall Works,ชั้น 7,ห้อง 11,ECN-W1-040
Escent Nakhon Si,รายการตรวจสอบผนัง Precast Wall Works,ชั้น 7,ห้อง 12,ECN-A1-041
Escent Nakhon Si,รายการตรวจสอบผนัง Precast Wall Works,ชั้น 7,ห้อง 12,ECN-B1-042
Escent Nakhon Si,รายการตรวจสอบผนัง Precast Wall Works,ชั้น 7,ห้อง 12,ECN-W2-043
Escent Nakhon Si,รายการตรวจสอบผนัง Precast Wall Works,ชั้น 7,ห้อง 13,ECN-W2-044
Escent Nakhon Si,รายการตรวจสอบผนัง Precast Wall Works,ชั้น 7,ห้อง 13,ECN-B1-045
Escent Nakhon Si,รายการตรวจสอบผนัง Precast Wall Works,ชั้น 7,ห้อง 13,ECN-A2-046
Escent Nakhon Si,รายการตรวจสอบผนัง Precast Wall Works,ชั้น 7,ห้อง 14,ECN-A1-048
Escent Nakhon Si,รายการตรวจสอบผนัง Precast Wall Works,ชั้น 7,ห้อง 14,ECN-W1-049
Escent Nakhon Si,รายการตรวจสอบผนัง Precast Wall Works,ชั้น 7,ห้อง 14,ECN-B1-050
Escent Nakhon Si,รายการตรวจสอบผนัง Precast Wall Works,ชั้น 7,ห้อง 15,ECN-A1-051
Escent Nakhon Si,รายการตรวจสอบผนัง Precast Wall Works,ชั้น 7,ห้อง 15,ECN-W1-052
Escent Nakhon Si,รายการตรวจสอบผนัง Precast Wall Works,ชั้น 7,ห้อง 15,ECN-A2-053
Escent Nakhon Si,รายการตรวจสอบผนัง Precast Wall Works,ชั้น 7,ห้อง 15,ECN-T1-054
Escent Nakhon Si,รายการตรวจสอบผนัง Precast Wall Works,ชั้น 7,ห้อง 15,ECN-A2-055
Escent Nakhon Si,รายการตรวจสอบผนัง Precast Wall Works,ชั้น 7,ห้อง 16,ECN-A2-057
Escent Nakhon Si,รายการตรวจสอบผนัง Precast Wall Works,ชั้น 7,ห้อง 16,ECN-T1-058
Escent Nakhon Si,รายการตรวจสอบผนัง Precast Wall Works,ชั้น 7,ห้อง 16,ECN-A2-059
Escent Nakhon Si,รายการตรวจสอบผนัง Precast Wall Works,ชั้น 7,ห้อง 16,ECN-W2-060
Escent Nakhon Si,รายการตรวจสอบผนัง Precast Wall Works,ชั้น 7,ห้อง 16,ECN-A1-061
Escent Nakhon Si,รายการตรวจสอบผนัง Precast Wall Works,ชั้น 7,ห้อง 17,ECN-B1-062
Escent Nakhon Si,รายการตรวจสอบผนัง Precast Wall Works,ชั้น 7,ห้อง 17,ECN-W1-063
Escent Nakhon Si,รายการตรวจสอบผนัง Precast Wall Works,ชั้น 7,ห้อง 17,ECN-A1-064
Escent Nakhon Si,รายการตรวจสอบผนัง Precast Wall Works,ชั้น 8,ห้อง 1,ECN-A1-071
Escent Nakhon Si,รายการตรวจสอบผนัง Precast Wall Works,ชั้น 8,ห้อง 1,ECN-A1-001
Escent Nakhon Si,รายการตรวจสอบผนัง Precast Wall Works,ชั้น 8,ห้อง 1,ECN-W1-002
Escent Nakhon Si,รายการตรวจสอบผนัง Precast Wall Works,ชั้น 8,ห้อง 1,ECN-B1-003
Escent Nakhon Si,รายการตรวจสอบผนัง Precast Wall Works,ชั้น 8,ห้อง 2,ECN-A1-004
Escent Nakhon Si,รายการตรวจสอบผนัง Precast Wall Works,ชั้น 8,ห้อง 2,ECN-B1-005
Escent Nakhon Si,รายการตรวจสอบผนัง Precast Wall Works,ชั้น 8,ห้อง 2,ECN-W1-006
Escent Nakhon Si,รายการตรวจสอบผนัง Precast Wall Works,ชั้น 8,ห้อง 3,ECN-W1-007
Escent Nakhon Si,รายการตรวจสอบผนัง Precast Wall Works,ชั้น 8,ห้อง 3,ECN-B1-008
Escent Nakhon Si,รายการตรวจสอบผนัง Precast Wall Works,ชั้น 8,ห้อง 3,ECN-A1-009
Escent Nakhon Si,รายการตรวจสอบผนัง Precast Wall Works,ชั้น 8,ห้อง 4,ECN-B1-010
Escent Nakhon Si,รายการตรวจสอบผนัง Precast Wall Works,ชั้น 8,ห้อง 4,ECN-W1-011
Escent Nakhon Si,รายการตรวจสอบผนัง Precast Wall Works,ชั้น 8,ห้อง 5,ECN-W1-012
Escent Nakhon Si,รายการตรวจสอบผนัง Precast Wall Works,ชั้น 8,ห้อง 5,ECN-B1-013
Escent Nakhon Si,รายการตรวจสอบผนัง Precast Wall Works,ชั้น 8,ห้อง 5,ECN-W1-014
Escent Nakhon Si,รายการตรวจสอบผนัง Precast Wall Works,ชั้น 8,ห้อง 6,ECN-W1-015
Escent Nakhon Si,รายการตรวจสอบผนัง Precast Wall Works,ชั้น 8,ห้อง 6,ECN-B1-016
Escent Nakhon Si,รายการตรวจสอบผนัง Precast Wall Works,ชั้น 8,ห้อง 6,ECN-W1-017
Escent Nakhon Si,รายการตรวจสอบผนัง Precast Wall Works,ชั้น 8,ห้อง 6,ECN-A1-018
Escent Nakhon Si,รายการตรวจสอบผนัง Precast Wall Works,ชั้น 8,ห้อง 6,ECN-A1-019
Escent Nakhon Si,รายการตรวจสอบผนัง Precast Wall Works,ชั้น 8,ห้อง 6,ECN-A1-020
Escent Nakhon Si,รายการตรวจสอบผนัง Precast Wall Works,ชั้น 8,ห้อง 7,ECN-A1-022
Escent Nakhon Si,รายการตรวจสอบผนัง Precast Wall Works,ชั้น 8,ห้อง 7,ECN-A1-023
Escent Nakhon Si,รายการตรวจสอบผนัง Precast Wall Works,ชั้น 8,ห้อง 7,ECN-W1-024
Escent Nakhon Si,รายการตรวจสอบผนัง Precast Wall Works,ชั้น 8,ห้อง 7,ECN-A1-025
Escent Nakhon Si,รายการตรวจสอบผนัง Precast Wall Works,ชั้น 8,ห้อง 7,ECN-B1-026
Escent Nakhon Si,รายการตรวจสอบผนัง Precast Wall Works,ชั้น 8,ห้อง 7,ECN-W1-027
Escent Nakhon Si,รายการตรวจสอบผนัง Precast Wall Works,ชั้น 8,ห้อง 7,ECN-A1-028
Escent Nakhon Si,รายการตรวจสอบผนัง Precast Wall Works,ชั้น 8,ห้อง 8,ECN-W1-031
Escent Nakhon Si,รายการตรวจสอบผนัง Precast Wall Works,ชั้น 8,ห้อง 8,ECN-B1-032
Escent Nakhon Si,รายการตรวจสอบผนัง Precast Wall Works,ชั้น 8,ห้อง 8,ECN-A1-033
Escent Nakhon Si,รายการตรวจสอบผนัง Precast Wall Works,ชั้น 8,ห้อง 9,ECN-B1-034
Escent Nakhon Si,รายการตรวจสอบผนัง Precast Wall Works,ชั้น 8,ห้อง 9,ECN-W1-035
Escent Nakhon Si,รายการตรวจสอบผนัง Precast Wall Works,ชั้น 8,ห้อง 10,ECN-W1-036
Escent Nakhon Si,รายการตรวจสอบผนัง Precast Wall Works,ชั้น 8,ห้อง 10,ECN-B1-037
Escent Nakhon Si,รายการตรวจสอบผนัง Precast Wall Works,ชั้น 8,ห้อง 10,ECN-A1-038
Escent Nakhon Si,รายการตรวจสอบผนัง Precast Wall Works,ชั้น 8,ห้อง 11,ECN-B1-039
Escent Nakhon Si,รายการตรวจสอบผนัง Precast Wall Works,ชั้น 8,ห้อง 11,ECN-W1-040
Escent Nakhon Si,รายการตรวจสอบผนัง Precast Wall Works,ชั้น 8,ห้อง 12,ECN-A1-041
Escent Nakhon Si,รายการตรวจสอบผนัง Precast Wall Works,ชั้น 8,ห้อง 12,ECN-B1-042
Escent Nakhon Si,รายการตรวจสอบผนัง Precast Wall Works,ชั้น 8,ห้อง 12,ECN-W2-043
Escent Nakhon Si,รายการตรวจสอบผนัง Precast Wall Works,ชั้น 8,ห้อง 13,ECN-W2-044
Escent Nakhon Si,รายการตรวจสอบผนัง Precast Wall Works,ชั้น 8,ห้อง 13,ECN-B1-045
Escent Nakhon Si,รายการตรวจสอบผนัง Precast Wall Works,ชั้น 8,ห้อง 13,ECN-A2-046
Escent Nakhon Si,รายการตรวจสอบผนัง Precast Wall Works,ชั้น 8,ห้อง 14,ECN-A1-048
Escent Nakhon Si,รายการตรวจสอบผนัง Precast Wall Works,ชั้น 8,ห้อง 14,ECN-W1-049
Escent Nakhon Si,รายการตรวจสอบผนัง Precast Wall Works,ชั้น 8,ห้อง 14,ECN-B1-050
Escent Nakhon Si,รายการตรวจสอบผนัง Precast Wall Works,ชั้น 8,ห้อง 15,ECN-A1-051
Escent Nakhon Si,รายการตรวจสอบผนัง Precast Wall Works,ชั้น 8,ห้อง 15,ECN-W1-052
Escent Nakhon Si,รายการตรวจสอบผนัง Precast Wall Works,ชั้น 8,ห้อง 15,ECN-A2-053
Escent Nakhon Si,รายการตรวจสอบผนัง Precast Wall Works,ชั้น 8,ห้อง 15,ECN-T1-054
Escent Nakhon Si,รายการตรวจสอบผนัง Precast Wall Works,ชั้น 8,ห้อง 15,ECN-A2-055
Escent Nakhon Si,รายการตรวจสอบผนัง Precast Wall Works,ชั้น 8,ห้อง 16,ECN-A2-057
Escent Nakhon Si,รายการตรวจสอบผนัง Precast Wall Works,ชั้น 8,ห้อง 16,ECN-T1-058
Escent Nakhon Si,รายการตรวจสอบผนัง Precast Wall Works,ชั้น 8,ห้อง 16,ECN-A2-059
Escent Nakhon Si,รายการตรวจสอบผนัง Precast Wall Works,ชั้น 8,ห้อง 16,ECN-W2-060
Escent Nakhon Si,รายการตรวจสอบผนัง Precast Wall Works,ชั้น 8,ห้อง 16,ECN-A1-061
Escent Nakhon Si,รายการตรวจสอบผนัง Precast Wall Works,ชั้น 8,ห้อง 17,ECN-B1-062
Escent Nakhon Si,รายการตรวจสอบผนัง Precast Wall Works,ชั้น 8,ห้อง 17,ECN-W1-063
Escent Nakhon Si,รายการตรวจสอบผนัง Precast Wall Works,ชั้น 8,ห้อง 17,ECN-A1-064
Escent Nakhon Si,รายการตรวจสอบผนัง Precast Wall Works,ชั้น 9,ห้อง 1,ECN-A1-071
Escent Nakhon Si,รายการตรวจสอบผนัง Precast Wall Works,ชั้น 9,ห้อง 1,ECN-A1-001
Escent Nakhon Si,รายการตรวจสอบผนัง Precast Wall Works,ชั้น 9,ห้อง 1,ECN-W1-002
Escent Nakhon Si,รายการตรวจสอบผนัง Precast Wall Works,ชั้น 9,ห้อง 1,ECN-B1-003
Escent Nakhon Si,รายการตรวจสอบผนัง Precast Wall Works,ชั้น 9,ห้อง 2,ECN-A1-004
Escent Nakhon Si,รายการตรวจสอบผนัง Precast Wall Works,ชั้น 9,ห้อง 2,ECN-B1-005
Escent Nakhon Si,รายการตรวจสอบผนัง Precast Wall Works,ชั้น 9,ห้อง 2,ECN-W1-006
Escent Nakhon Si,รายการตรวจสอบผนัง Precast Wall Works,ชั้น 9,ห้อง 3,ECN-W1-007
Escent Nakhon Si,รายการตรวจสอบผนัง Precast Wall Works,ชั้น 9,ห้อง 3,ECN-B1-008
Escent Nakhon Si,รายการตรวจสอบผนัง Precast Wall Works,ชั้น 9,ห้อง 3,ECN-A1-009
Escent Nakhon Si,รายการตรวจสอบผนัง Precast Wall Works,ชั้น 9,ห้อง 4,ECN-B1-010
Escent Nakhon Si,รายการตรวจสอบผนัง Precast Wall Works,ชั้น 9,ห้อง 4,ECN-W1-011
Escent Nakhon Si,รายการตรวจสอบผนัง Precast Wall Works,ชั้น 9,ห้อง 5,ECN-W1-012
Escent Nakhon Si,รายการตรวจสอบผนัง Precast Wall Works,ชั้น 9,ห้อง 5,ECN-B1-013
Escent Nakhon Si,รายการตรวจสอบผนัง Precast Wall Works,ชั้น 9,ห้อง 5,ECN-W1-014
Escent Nakhon Si,รายการตรวจสอบผนัง Precast Wall Works,ชั้น 9,ห้อง 6,ECN-W1-015
Escent Nakhon Si,รายการตรวจสอบผนัง Precast Wall Works,ชั้น 9,ห้อง 6,ECN-B1-016
Escent Nakhon Si,รายการตรวจสอบผนัง Precast Wall Works,ชั้น 9,ห้อง 6,ECN-W1-017
Escent Nakhon Si,รายการตรวจสอบผนัง Precast Wall Works,ชั้น 9,ห้อง 6,ECN-A1-018
Escent Nakhon Si,รายการตรวจสอบผนัง Precast Wall Works,ชั้น 9,ห้อง 6,ECN-A1-019
Escent Nakhon Si,รายการตรวจสอบผนัง Precast Wall Works,ชั้น 9,ห้อง 6,ECN-A1-020
Escent Nakhon Si,รายการตรวจสอบผนัง Precast Wall Works,ชั้น 9,ห้อง 7,ECN-A1-022
Escent Nakhon Si,รายการตรวจสอบผนัง Precast Wall Works,ชั้น 9,ห้อง 7,ECN-A1-023
Escent Nakhon Si,รายการตรวจสอบผนัง Precast Wall Works,ชั้น 9,ห้อง 7,ECN-W1-024
Escent Nakhon Si,รายการตรวจสอบผนัง Precast Wall Works,ชั้น 9,ห้อง 7,ECN-A1-025
Escent Nakhon Si,รายการตรวจสอบผนัง Precast Wall Works,ชั้น 9,ห้อง 7,ECN-B1-026
Escent Nakhon Si,รายการตรวจสอบผนัง Precast Wall Works,ชั้น 9,ห้อง 7,ECN-W1-027
Escent Nakhon Si,รายการตรวจสอบผนัง Precast Wall Works,ชั้น 9,ห้อง 7,ECN-A1-028
Escent Nakhon Si,รายการตรวจสอบผนัง Precast Wall Works,ชั้น 9,ห้อง 8,ECN-W1-031
Escent Nakhon Si,รายการตรวจสอบผนัง Precast Wall Works,ชั้น 9,ห้อง 8,ECN-B1-032
Escent Nakhon Si,รายการตรวจสอบผนัง Precast Wall Works,ชั้น 9,ห้อง 8,ECN-A1-033
Escent Nakhon Si,รายการตรวจสอบผนัง Precast Wall Works,ชั้น 9,ห้อง 9,ECN-B1-034
Escent Nakhon Si,รายการตรวจสอบผนัง Precast Wall Works,ชั้น 9,ห้อง 9,ECN-W1-035
Escent Nakhon Si,รายการตรวจสอบผนัง Precast Wall Works,ชั้น 9,ห้อง 10,ECN-W1-036
Escent Nakhon Si,รายการตรวจสอบผนัง Precast Wall Works,ชั้น 9,ห้อง 10,ECN-B1-037
Escent Nakhon Si,รายการตรวจสอบผนัง Precast Wall Works,ชั้น 9,ห้อง 10,ECN-A1-038
Escent Nakhon Si,รายการตรวจสอบผนัง Precast Wall Works,ชั้น 9,ห้อง 11,ECN-B1-039
Escent Nakhon Si,รายการตรวจสอบผนัง Precast Wall Works,ชั้น 9,ห้อง 11,ECN-W1-040
Escent Nakhon Si,รายการตรวจสอบผนัง Precast Wall Works,ชั้น 9,ห้อง 12,ECN-A1-041
Escent Nakhon Si,รายการตรวจสอบผนัง Precast Wall Works,ชั้น 9,ห้อง 12,ECN-B1-042
Escent Nakhon Si,รายการตรวจสอบผนัง Precast Wall Works,ชั้น 9,ห้อง 12,ECN-W2-043
Escent Nakhon Si,รายการตรวจสอบผนัง Precast Wall Works,ชั้น 9,ห้อง 13,ECN-W2-044
Escent Nakhon Si,รายการตรวจสอบผนัง Precast Wall Works,ชั้น 9,ห้อง 13,ECN-B1-045
Escent Nakhon Si,รายการตรวจสอบผนัง Precast Wall Works,ชั้น 9,ห้อง 13,ECN-A2-046
Escent Nakhon Si,รายการตรวจสอบผนัง Precast Wall Works,ชั้น 9,ห้อง 14,ECN-A1-048
Escent Nakhon Si,รายการตรวจสอบผนัง Precast Wall Works,ชั้น 9,ห้อง 14,ECN-W1-049
Escent Nakhon Si,รายการตรวจสอบผนัง Precast Wall Works,ชั้น 9,ห้อง 14,ECN-B1-050
Escent Nakhon Si,รายการตรวจสอบผนัง Precast Wall Works,ชั้น 9,ห้อง 15,ECN-A1-051
Escent Nakhon Si,รายการตรวจสอบผนัง Precast Wall Works,ชั้น 9,ห้อง 15,ECN-W1-052
Escent Nakhon Si,รายการตรวจสอบผนัง Precast Wall Works,ชั้น 9,ห้อง 15,ECN-A2-053
Escent Nakhon Si,รายการตรวจสอบผนัง Precast Wall Works,ชั้น 9,ห้อง 15,ECN-T1-054
Escent Nakhon Si,รายการตรวจสอบผนัง Precast Wall Works,ชั้น 9,ห้อง 15,ECN-A2-055
Escent Nakhon Si,รายการตรวจสอบผนัง Precast Wall Works,ชั้น 9,ห้อง 16,ECN-A2-057
Escent Nakhon Si,รายการตรวจสอบผนัง Precast Wall Works,ชั้น 9,ห้อง 16,ECN-T1-058
Escent Nakhon Si,รายการตรวจสอบผนัง Precast Wall Works,ชั้น 9,ห้อง 16,ECN-A2-059
Escent Nakhon Si,รายการตรวจสอบผนัง Precast Wall Works,ชั้น 9,ห้อง 16,ECN-W2-060
Escent Nakhon Si,รายการตรวจสอบผนัง Precast Wall Works,ชั้น 9,ห้อง 16,ECN-A1-061
Escent Nakhon Si,รายการตรวจสอบผนัง Precast Wall Works,ชั้น 9,ห้อง 17,ECN-B1-062
Escent Nakhon Si,รายการตรวจสอบผนัง Precast Wall Works,ชั้น 9,ห้อง 17,ECN-W1-063
Escent Nakhon Si,รายการตรวจสอบผนัง Precast Wall Works,ชั้น 9,ห้อง 17,ECN-A1-064
Escent Nakhon Si,รายการตรวจสอบผนัง Precast Wall Works,ชั้น 10,ห้อง 1,ECN-A1-071
Escent Nakhon Si,รายการตรวจสอบผนัง Precast Wall Works,ชั้น 10,ห้อง 1,ECN-A1-001
Escent Nakhon Si,รายการตรวจสอบผนัง Precast Wall Works,ชั้น 10,ห้อง 1,ECN-W1-002
Escent Nakhon Si,รายการตรวจสอบผนัง Precast Wall Works,ชั้น 10,ห้อง 1,ECN-B1-003
Escent Nakhon Si,รายการตรวจสอบผนัง Precast Wall Works,ชั้น 10,ห้อง 2,ECN-A1-004
Escent Nakhon Si,รายการตรวจสอบผนัง Precast Wall Works,ชั้น 10,ห้อง 2,ECN-B1-005
Escent Nakhon Si,รายการตรวจสอบผนัง Precast Wall Works,ชั้น 10,ห้อง 2,ECN-W1-006
Escent Nakhon Si,รายการตรวจสอบผนัง Precast Wall Works,ชั้น 10,ห้อง 3,ECN-W1-007
Escent Nakhon Si,รายการตรวจสอบผนัง Precast Wall Works,ชั้น 10,ห้อง 3,ECN-B1-008
Escent Nakhon Si,รายการตรวจสอบผนัง Precast Wall Works,ชั้น 10,ห้อง 3,ECN-A1-009
Escent Nakhon Si,รายการตรวจสอบผนัง Precast Wall Works,ชั้น 10,ห้อง 4,ECN-B1-010
Escent Nakhon Si,รายการตรวจสอบผนัง Precast Wall Works,ชั้น 10,ห้อง 4,ECN-W1-011
Escent Nakhon Si,รายการตรวจสอบผนัง Precast Wall Works,ชั้น 10,ห้อง 5,ECN-W1-012
Escent Nakhon Si,รายการตรวจสอบผนัง Precast Wall Works,ชั้น 10,ห้อง 5,ECN-B1-013
Escent Nakhon Si,รายการตรวจสอบผนัง Precast Wall Works,ชั้น 10,ห้อง 5,ECN-W1-014
Escent Nakhon Si,รายการตรวจสอบผนัง Precast Wall Works,ชั้น 10,ห้อง 6,ECN-W1-015
Escent Nakhon Si,รายการตรวจสอบผนัง Precast Wall Works,ชั้น 10,ห้อง 6,ECN-B1-016
Escent Nakhon Si,รายการตรวจสอบผนัง Precast Wall Works,ชั้น 10,ห้อง 6,ECN-W1-017
Escent Nakhon Si,รายการตรวจสอบผนัง Precast Wall Works,ชั้น 10,ห้อง 6,ECN-A1-018
Escent Nakhon Si,รายการตรวจสอบผนัง Precast Wall Works,ชั้น 10,ห้อง 6,ECN-A1-019
Escent Nakhon Si,รายการตรวจสอบผนัง Precast Wall Works,ชั้น 10,ห้อง 6,ECN-A1-020
Escent Nakhon Si,รายการตรวจสอบผนัง Precast Wall Works,ชั้น 10,ห้อง 7,ECN-A1-022
Escent Nakhon Si,รายการตรวจสอบผนัง Precast Wall Works,ชั้น 10,ห้อง 7,ECN-A1-023
Escent Nakhon Si,รายการตรวจสอบผนัง Precast Wall Works,ชั้น 10,ห้อง 7,ECN-W1-024
Escent Nakhon Si,รายการตรวจสอบผนัง Precast Wall Works,ชั้น 10,ห้อง 7,ECN-A1-025
Escent Nakhon Si,รายการตรวจสอบผนัง Precast Wall Works,ชั้น 10,ห้อง 7,ECN-B1-026
Escent Nakhon Si,รายการตรวจสอบผนัง Precast Wall Works,ชั้น 10,ห้อง 7,ECN-W1-027
Escent Nakhon Si,รายการตรวจสอบผนัง Precast Wall Works,ชั้น 10,ห้อง 7,ECN-A1-028
Escent Nakhon Si,รายการตรวจสอบผนัง Precast Wall Works,ชั้น 10,ห้อง 8,ECN-W1-031
Escent Nakhon Si,รายการตรวจสอบผนัง Precast Wall Works,ชั้น 10,ห้อง 8,ECN-B1-032
Escent Nakhon Si,รายการตรวจสอบผนัง Precast Wall Works,ชั้น 10,ห้อง 8,ECN-A1-033
Escent Nakhon Si,รายการตรวจสอบผนัง Precast Wall Works,ชั้น 10,ห้อง 9,ECN-B1-034
Escent Nakhon Si,รายการตรวจสอบผนัง Precast Wall Works,ชั้น 10,ห้อง 9,ECN-W1-035
Escent Nakhon Si,รายการตรวจสอบผนัง Precast Wall Works,ชั้น 10,ห้อง 10,ECN-W1-036
Escent Nakhon Si,รายการตรวจสอบผนัง Precast Wall Works,ชั้น 10,ห้อง 10,ECN-B1-037
Escent Nakhon Si,รายการตรวจสอบผนัง Precast Wall Works,ชั้น 10,ห้อง 10,ECN-A1-038
Escent Nakhon Si,รายการตรวจสอบผนัง Precast Wall Works,ชั้น 10,ห้อง 11,ECN-B1-039
Escent Nakhon Si,รายการตรวจสอบผนัง Precast Wall Works,ชั้น 10,ห้อง 11,ECN-W1-040
Escent Nakhon Si,รายการตรวจสอบผนัง Precast Wall Works,ชั้น 10,ห้อง 12,ECN-A1-041
Escent Nakhon Si,รายการตรวจสอบผนัง Precast Wall Works,ชั้น 10,ห้อง 12,ECN-B1-042
Escent Nakhon Si,รายการตรวจสอบผนัง Precast Wall Works,ชั้น 10,ห้อง 12,ECN-W2-043
Escent Nakhon Si,รายการตรวจสอบผนัง Precast Wall Works,ชั้น 10,ห้อง 13,ECN-W2-044
Escent Nakhon Si,รายการตรวจสอบผนัง Precast Wall Works,ชั้น 10,ห้อง 13,ECN-B1-045
Escent Nakhon Si,รายการตรวจสอบผนัง Precast Wall Works,ชั้น 10,ห้อง 13,ECN-A2-046
Escent Nakhon Si,รายการตรวจสอบผนัง Precast Wall Works,ชั้น 10,ห้อง 14,ECN-A1-048
Escent Nakhon Si,รายการตรวจสอบผนัง Precast Wall Works,ชั้น 10,ห้อง 14,ECN-W1-049
Escent Nakhon Si,รายการตรวจสอบผนัง Precast Wall Works,ชั้น 10,ห้อง 14,ECN-B1-050
Escent Nakhon Si,รายการตรวจสอบผนัง Precast Wall Works,ชั้น 10,ห้อง 15,ECN-A1-051
Escent Nakhon Si,รายการตรวจสอบผนัง Precast Wall Works,ชั้น 10,ห้อง 15,ECN-W1-052
Escent Nakhon Si,รายการตรวจสอบผนัง Precast Wall Works,ชั้น 10,ห้อง 15,ECN-A2-053
Escent Nakhon Si,รายการตรวจสอบผนัง Precast Wall Works,ชั้น 10,ห้อง 15,ECN-T1-054
Escent Nakhon Si,รายการตรวจสอบผนัง Precast Wall Works,ชั้น 10,ห้อง 15,ECN-A2-055
Escent Nakhon Si,รายการตรวจสอบผนัง Precast Wall Works,ชั้น 10,ห้อง 16,ECN-A2-057
Escent Nakhon Si,รายการตรวจสอบผนัง Precast Wall Works,ชั้น 10,ห้อง 16,ECN-T1-058
Escent Nakhon Si,รายการตรวจสอบผนัง Precast Wall Works,ชั้น 10,ห้อง 16,ECN-A2-059
Escent Nakhon Si,รายการตรวจสอบผนัง Precast Wall Works,ชั้น 10,ห้อง 16,ECN-W2-060
Escent Nakhon Si,รายการตรวจสอบผนัง Precast Wall Works,ชั้น 10,ห้อง 16,ECN-A1-061
Escent Nakhon Si,รายการตรวจสอบผนัง Precast Wall Works,ชั้น 10,ห้อง 17,ECN-B1-062
Escent Nakhon Si,รายการตรวจสอบผนัง Precast Wall Works,ชั้น 10,ห้อง 17,ECN-W1-063
Escent Nakhon Si,รายการตรวจสอบผนัง Precast Wall Works,ชั้น 10,ห้อง 17,ECN-A1-064